"Name","Brand","Area","Status","Priority","Owner","Due","Blocker","Repo Path"
"Run QA for Auditelle homepage and auth","Auditelle","QA","Next","P1","","","","src/app/page.tsx"
"Run QA for VeriTexto BR copy and legal data","VeriTexto BR","Content","Next","P1","","","","config/veritexto-pt.ts"
"Run QA for VeriTexto ES copy and pricing","VeriTexto ES","Content","Next","P1","","","","config/veritexto-es.ts"
"Confirm NovaLearn production env vars","NovaLearn","Vercel","Next","P0","","","Need Vercel project access",".env.local.example"
"Resolve TextVakt/Klartext naming decision","TextVakt","Marketing","Next","P1","","","Brand/domain naming mismatch to confirm","config/klartext-se.ts"
"Create deployment runbook","","Code","Backlog","P2","","","","docs/operations/deployment-runbook.md"
"Create Stripe products matrix","","Stripe","Backlog","P1","","","","scripts/create-stripe-products.js"
"Create Supabase project matrix","","Supabase","Backlog","P1","","","","supabase/schema.sql"
"Import Notion CSV templates","","Marketing","Next","P2","","","No Notion API connected","docs/notion/import/"
